RMSE_baseline,MAE_baseline,RMSE_cal,MAE_cal
0.13407403748032587,0.11299862651070726,0.06679936467171127,0.04714177585962931
